<?xml version="1.0" encoding="utf-8"?>
<Patch>
	<Operation Class="PatchOperationAdd">
		<xpath>*/ThingDef[defName = "Bed"]/comps/li[1]/linkableFacilities</xpath>
		<value>
			<li>Anon2Dresser</li>
			<li>Anon2EndTable</li>
      <li>Anon2RoyalEndTable</li>
      <li>Anon2EndTableLight</li>
      <li>Anon2RoyalEndTableLight</li>
		</value>
	</Operation>
	<Operation Class="PatchOperationAdd">
		<xpath>*/ThingDef[defName = "DoubleBed"]/comps/li[1]/linkableFacilities</xpath>
		<value>
			<li>Anon2Dresser</li>
			<li>Anon2EndTable</li>
      <li>Anon2RoyalEndTable</li>
      <li>Anon2EndTableLight</li>
      <li>Anon2RoyalEndTableLight</li>
		</value>
	</Operation>
	<Operation Class="PatchOperationAdd">
		<xpath>*/ThingDef[defName = "RoyalBed"]/comps/li[1]/linkableFacilities</xpath>
		<value>
			<li>Anon2Dresser</li>
			<li>Anon2EndTable</li>
      <li>Anon2RoyalEndTable</li>
      <li>Anon2EndTableLight</li>
      <li>Anon2RoyalEndTableLight</li>
		</value>
	</Operation>
	<Operation Class="PatchOperationAdd">
		<xpath>*/ThingDef[defName = "HospitalBed"]/comps/li[1]/linkableFacilities</xpath>
		<value>
			<li>Anon2Dresser</li>
			<li>Anon2EndTable</li>
      <li>Anon2RoyalEndTable</li>
      <li>Anon2EndTableLight</li>
      <li>Anon2RoyalEndTableLight</li>
		</value>
	</Operation>
	
	<Operation Class="PatchOperationConditional">
		<xpath>*/ThingDef[defName = "SimpleResearchBench"]/comps</xpath>
	<nomatch Class="PatchOperationAdd">
		<xpath>*/ThingDef[defName = "SimpleResearchBench"]</xpath>
			<value>
			<comps>
			<li Class="CompProperties_AffectedByFacilities">
			<linkableFacilities>
			<li>Anon2FileCabinet</li>
			</linkableFacilities>
			</li>
			</comps>
			</value>
	</nomatch>
	<match Class="PatchOperationAdd">
		<xpath>*/ThingDef[defName = "SimpleResearchBench"]/comps/li[@Class = "CompProperties_AffectedByFacilities"]/linkableFacilities</xpath>
			<value>
			<li>Anon2FileCabinet</li>
			</value>
	</match>
	</Operation>
	<Operation Class="PatchOperationAdd">
		<xpath>*/ThingDef[defName = "HiTechResearchBench"]/comps/li[3]/linkableFacilities</xpath>
		<value>
			<li>Anon2FileCabinet</li>
		</value>
	</Operation>
</Patch>




